,City,Cloudiness,Country,Date,Humidity,Lat,Lng,Max Temp,Wind Speed
0,Jamestown,97,AU,1563938592,78,-33.21,138.6,286.572,3.87
1,Saint-Philippe,75,CA,1563938363,93,45.36,-73.48,294.82,2.83
2,Butaritari,90,KI,1563938592,71,3.07,172.79,302.702,4.79
3,Ende,0,ID,1563938593,76,-8.84,121.65,297.632,2.81
4,Northam,40,AU,1563938593,67,-31.65,116.67,290.15,4.1
5,La Ronge,20,CA,1563938593,51,55.1,-105.3,300.15,2.1
6,Ketchikan,40,US,1563938590,67,55.34,-131.65,290.15,8.7
7,Ponta do Sol,0,BR,1563938593,71,-20.63,-46.0,287.792,2.65
8,Vaini,40,IN,1563938376,88,15.34,74.49,296.15,7.2
9,Dingle,79,PH,1563938593,76,11.0,122.67,302.352,3.07
10,Souillac,0,FR,1563938594,88,45.6,-0.6,297.04,1.0
11,Richards Bay,0,ZA,1563938594,39,-28.77,32.06,296.422,5.55
12,Auki,2,NG,1563938594,84,12.18,6.51,296.202,3.35
13,Mount Gambier,90,AU,1563938384,93,-37.83,140.78,286.15,5.1
14,Ushuaia,20,AR,1563938488,86,-54.81,-68.31,271.15,4.1
15,Hobart,75,AU,1563938373,50,-42.88,147.33,285.37,6.2
16,Sitka,0,US,1563938595,61,37.17,-99.65,294.26,4.39
17,Esperance,0,AU,1563938466,76,-33.86,121.89,287.15,5.7
18,Atuona,55,PF,1563938595,74,-9.8,-139.03,300.182,7.99
19,Abu Dhabi,28,AE,1563938595,46,24.47,54.37,307.15,6.2
20,Avarua,5,CK,1563938595,69,-21.21,-159.78,297.15,4.6
21,Yulara,0,AU,1563938596,15,-25.24,130.99,295.15,7.2
22,Victoria,75,BN,1563938411,70,5.28,115.24,302.15,3.6
23,Jaciara,0,BR,1563938596,47,-15.95,-54.98,293.362,0.65
24,Tilichiki,100,RU,1563938596,85,60.47,166.1,283.132,2.93
25,Coquimbo,0,CL,1563938596,81,-29.95,-71.34,280.15,3.6
26,Bluff,0,AU,1563938597,37,-23.58,149.07,296.772,2.03
27,Hithadhoo,79,MV,1563938473,67,-0.6,73.08,301.752,3.24
28,Vardo,1,US,1563938597,88,39.62,-77.74,294.15,2.1
29,Nikolskoye,40,RU,1563938597,77,59.7,30.79,290.93,1.0
30,Strezhevoy,75,RU,1563938597,82,60.73,77.6,291.15,4.0
31,Katherine,44,AU,1563938597,11,-14.47,132.26,303.15,8.7
32,Kaitangata,0,NZ,1563938598,71,-46.28,169.85,284.82,4.47
33,North Vanlaiphai,100,IN,1563938351,92,23.13,93.07,295.282,0.42
34,Lebu,91,ET,1563938413,89,8.96,38.73,286.192,1.0
35,Barrow,0,AR,1563938598,47,-38.31,-60.23,276.622,2.55
36,Qaanaaq,100,GL,1563938598,60,77.48,-69.36,279.152,3.27
37,East London,0,ZA,1563938599,31,-33.02,27.91,289.15,10.8
38,Deputatskiy,82,RU,1563938599,69,69.3,139.9,284.392,6.33
39,Busselton,98,AU,1563938599,56,-33.64,115.35,289.82,7.16
40,Sayaxche,51,GT,1563938599,92,16.52,-90.17,296.872,1.79
41,La Mana,100,EC,1563938599,95,-0.93,-79.22,281.48,1.37
42,Bathsheba,75,BB,1563938600,88,13.22,-59.52,299.15,8.7
43,Port Lincoln,85,AU,1563938600,80,-34.72,135.86,287.652,7.27
44,Karratha,100,AU,1563938600,24,-20.74,116.85,296.322,5.39
45,Owensboro,1,US,1563938415,77,37.77,-87.11,294.26,3.03
46,Puerto Narino,86,CO,1563938600,100,-3.77,-70.38,297.15,0.68
47,Gornyak,100,KZ,1563938601,79,51.0,81.46,291.472,3.66
48,Antofagasta,90,CL,1563938601,54,-23.65,-70.4,286.15,3.6
49,Bemban,75,MY,1563938601,79,2.27,102.38,302.15,2.1
50,Ballina,80,IE,1563938601,88,54.11,-9.15,290.37,2.24
51,Kapaa,75,US,1563938489,69,22.08,-159.32,301.15,6.2
52,Mataura,0,NZ,1563938601,76,-46.19,168.86,284.82,1.34
53,Upernavik,0,GL,1563938601,64,72.79,-56.15,282.262,3.01
54,Yellowknife,90,CA,1563938349,41,62.45,-114.38,298.15,2.1
55,Yarkovo,37,RU,1563938602,82,54.81,82.6,289.15,1.0
56,Marigot,78,HT,1563938602,74,18.23,-72.32,302.15,7.2
57,Taveta,20,TZ,1563938602,87,-3.4,37.68,284.15,2.63
58,Mar del Plata,100,AR,1563938490,74,-46.43,-67.52,276.172,3.28
59,Katsuura,75,JP,1563938602,70,33.93,134.5,304.15,4.1
60,Ponta Delgada,75,PT,1563938603,94,37.73,-25.67,295.15,7.7
61,Aljezur,0,PT,1563938603,69,37.31,-8.8,296.48,1.34
62,Punta Arenas,90,CL,1563938603,75,-53.16,-70.91,273.15,4.1
63,Quelimane,0,MZ,1563938603,93,-17.88,36.89,286.15,1.5
64,Dikson,43,RU,1563938603,86,73.51,80.55,275.462,5.04
65,Manokwari,100,ID,1563938573,83,-0.87,134.08,297.282,0.65
66,Forestville,90,CA,1563938604,77,48.74,-69.09,290.15,1.0
67,Buraydah,75,SA,1563938604,32,26.33,43.97,302.15,4.22
68,Bredasdorp,96,ZA,1563938604,81,-34.53,20.04,284.15,6.2
69,Ulladulla,0,AU,1563938604,31,-35.36,150.48,291.15,2.6
70,Taltal,0,CL,1563938604,84,-25.41,-70.49,279.612,1.45
71,New Norfolk,75,AU,1563938605,47,-42.78,147.06,286.15,5.7
72,Puerto Ayora,69,EC,1563938605,88,-0.74,-90.35,293.71,1.34
73,Saryg-Sep,15,RU,1563938605,38,51.49,95.55,298.502,0.58
74,Puerto Baquerizo Moreno,68,EC,1563938605,81,-0.9,-89.6,293.712,6.1
75,Kavieng,88,PG,1563938605,79,-2.57,150.8,301.232,10.85
76,Mitzic,100,GA,1563938606,99,0.78,11.55,292.992,1.28
77,Flinders,0,AU,1563938606,31,-34.58,150.85,292.04,2.6
78,Omboue,100,GA,1563938606,85,-1.57,9.26,296.042,5.93
79,Punta Alta,90,AR,1563938606,100,-27.46,-55.82,288.15,3.6
80,El Calvario,40,CO,1563938606,71,4.35,-73.71,294.15,3.1
81,Gat,74,SN,1563938607,83,14.69,-16.54,301.15,2.1
82,Cape Town,75,ZA,1563938462,81,-33.93,18.42,286.48,4.6
83,Chuy,100,UY,1563938607,91,-33.69,-53.46,285.002,5.71
84,Tasiilaq,53,GL,1563938370,81,65.61,-37.64,280.15,1.5
85,Touros,11,BR,1563938607,73,-5.2,-35.46,299.182,7.18
86,Beringovskiy,80,RU,1563938607,53,63.05,179.32,285.882,1.9
87,Chokurdakh,54,RU,1563938607,53,70.62,147.9,282.622,9.92
88,Nome,1,US,1563938608,74,30.04,-94.42,299.82,3.1
89,Hermanus,90,ZA,1563938608,98,-34.42,19.24,283.71,3.58
90,Kruisfontein,26,ZA,1563938608,68,-34.0,24.73,282.692,12.23
91,Navahrudak,27,BY,1563938608,99,53.59,25.82,286.092,2.8
92,Pangnirtung,24,CA,1563938457,63,66.15,-65.72,283.192,1.14
93,Gari,64,RU,1563938608,78,59.43,62.35,288.352,3.39
94,Lunenburg,100,CA,1563938609,100,44.38,-64.32,292.04,1.34
95,Turukhansk,99,RU,1563938503,55,65.8,87.96,295.142,0.78
96,Jizan,5,SA,1563938609,49,16.89,42.56,307.15,2.65
97,Milledgeville,90,US,1563938609,94,33.08,-83.23,296.15,1.5
98,Rikitea,45,PF,1563938609,78,-23.12,-134.97,294.802,7.08
99,Kardla,24,EE,1563938610,87,58.44,26.57,288.15,3.1
100,Antalaha,15,MG,1563938610,95,-14.9,50.28,287.582,1.91
101,Garowe,100,SO,1563938610,65,8.41,48.48,295.922,12.97
102,Lagos,20,NG,1563938453,100,6.46,3.39,296.15,2.54
103,Torbay,90,CA,1563938549,100,47.66,-52.73,286.48,10.3
104,Zhigansk,0,RU,1563938610,27,66.77,123.37,300.282,4.56
105,Tiarei,20,PF,1563938353,74,-17.53,-149.33,300.15,5.7
106,Georgetown,0,GY,1563938533,94,6.8,-58.16,298.15,1.0
107,Srednekolymsk,100,RU,1563938611,73,67.46,153.71,282.872,10.17
108,Brest,0,BY,1563938611,93,52.09,23.69,287.15,2.0
109,Gualaquiza,100,EC,1563938611,98,-3.4,-78.58,282.442,1.22
110,Carnarvon,99,ZA,1563938612,70,-30.97,22.13,277.482,12.41
111,Krasnovishersk,1,RU,1563938612,69,60.4,57.08,290.972,0.7
112,Alice Springs,0,AU,1563938612,14,-23.7,133.88,294.15,5.1
113,West Bay,75,CA,1563938612,46,49.34,-123.21,295.15,5.7
114,Madaoua,5,NE,1563938613,58,14.07,5.96,301.342,4.84
115,Charters Towers,14,AU,1563938329,31,-20.07,146.27,297.212,6.29
116,Waingapu,16,ID,1563938613,44,-9.65,120.26,301.032,6.8
117,Tuktoyaktuk,75,CA,1563938369,71,69.44,-133.03,286.15,8.2
118,Mocuba,0,MZ,1563938614,90,-16.84,36.99,284.832,1.46
119,Petropavlovsk-Kamchatskiy,90,RU,1563938614,100,53.05,158.65,286.15,2.0
120,Port Alfred,2,ZA,1563938614,56,-33.59,26.89,286.48,5.36
121,Aswan,15,EG,1563938614,23,24.09,32.9,300.112,4.2
122,Businga,98,CD,1563938614,96,3.34,20.89,293.842,0.92
123,Beyneu,100,KZ,1563938492,26,45.32,55.19,303.332,6.33
124,Shingu,40,JP,1563938615,74,33.72,135.99,303.15,3.1
125,Komsomolskiy,0,RU,1563938615,62,67.55,63.78,286.182,3.03
126,Port Hardy,75,CA,1563938615,67,50.7,-127.42,290.15,4.6
127,Kaitong,64,CN,1563938616,49,44.81,123.15,303.832,3.68
128,Saint-Pierre,0,FR,1563938616,56,48.95,4.24,294.15,3.6
129,Saldanha,0,PT,1563938373,65,41.42,-6.55,293.032,0.66
130,Castro,40,CL,1563938616,100,-42.48,-73.76,274.15,0.5
131,Albany,1,US,1563938557,88,42.65,-73.75,293.71,2.1
132,Grand Gaube,75,MU,1563938616,83,-20.01,57.66,294.15,8.2
133,Paamiut,100,GL,1563938617,96,61.99,-49.67,276.942,6.86
134,Kuito,0,AO,1563938617,34,-12.38,16.94,282.862,1.68
135,Roald,0,NO,1563938617,100,62.58,6.12,289.82,1.5
136,Bambous Virieux,75,MU,1563938617,83,-20.34,57.76,294.15,8.2
137,Cherskiy,100,RU,1563938617,74,68.75,161.3,280.672,4.8
138,Innisfail,0,AU,1563938618,63,-17.52,146.03,295.462,5.03
139,Gallup,90,US,1563938411,63,35.53,-108.74,300.15,4.1
140,Samarai,74,PG,1563938618,69,-10.62,150.67,298.022,4.93
141,Vila Franca do Campo,75,PT,1563938618,94,37.72,-25.43,295.15,7.7
142,Pisco,0,PE,1563938618,85,-13.71,-76.2,289.26,3.58
143,Porto Novo,0,BR,1563938618,87,-23.68,-45.44,287.15,0.5
144,Oranjestad,20,AW,1563938530,88,12.52,-70.03,300.15,6.7
145,Laguna,0,BZ,1563938619,88,16.17,-88.94,300.15,1.29
146,Sawakin,15,SD,1563938619,49,19.1,37.33,301.862,6.76
147,Puerto Escondido,40,MX,1563938619,78,15.86,-97.07,301.15,1.1
148,College,40,US,1563938619,30,64.86,-147.8,302.15,2.1
149,Lakes Entrance,33,AU,1563938620,53,-37.88,147.99,287.59,0.89
150,Touba,35,SN,1563938620,83,14.86,-15.88,301.15,2.1
151,Manggar,99,ID,1563938620,60,-2.88,108.27,302.242,4.45
152,Leh,0,IN,1563938620,23,34.16,77.58,283.552,1.44
153,Havre,1,US,1563938620,45,48.55,-109.68,302.15,3.1
154,Cayenne,0,GF,1563938561,94,4.94,-52.33,296.15,1.48
155,Tazovskiy,97,RU,1563938621,66,67.47,78.7,282.852,7.89
156,Semirom,0,IR,1563938621,12,31.41,51.57,291.842,1.4
157,Takoradi,54,GH,1563938621,96,4.89,-1.75,295.252,1.35
158,Awjilah,0,LY,1563938621,81,29.14,21.3,294.802,4.36
159,Candido Mendes,4,BR,1563938621,98,-1.45,-45.72,295.062,1.05
160,Khatanga,100,RU,1563938425,43,71.98,102.47,286.932,4.24
161,Saint George,20,GR,1563938622,64,39.45,22.34,297.15,2.6
162,Ardabil,75,IR,1563938622,82,38.25,48.3,289.15,1.1
163,Magadan,0,RU,1563938622,58,59.56,150.8,284.402,2.8
164,Solhan,0,TR,1563938622,59,38.97,41.05,289.26,1.5
165,Tabuk,100,PH,1563938623,81,17.41,121.44,298.512,1.13
166,Hilo,20,US,1563938623,65,19.71,-155.08,300.15,4.6
167,Dongsheng,0,CN,1563938623,73,29.72,112.52,304.742,2.3
168,Sao Felix do Xingu,7,BR,1563938623,70,-6.64,-51.99,293.762,0.27
169,Hereford,100,GB,1563938623,94,52.06,-2.72,292.59,1.08
170,Mehamn,0,NO,1563938623,64,71.03,27.85,293.15,6.2
171,Oussouye,75,SN,1563938624,94,12.49,-16.54,298.15,1.0
172,Banda Aceh,57,ID,1563938624,77,5.56,95.32,301.642,4.75
173,Guarapari,20,BR,1563938624,100,-20.67,-40.5,292.04,0.5
174,Thompson,40,CA,1563938336,42,55.74,-97.86,300.15,5.1
175,Diego de Almagro,59,CL,1563938624,91,-26.39,-70.05,277.602,0.31
176,Hamilton,75,CA,1563938561,48,43.26,-79.87,296.15,2.1
177,Tocache,94,PE,1563938625,94,-8.19,-76.51,284.812,1.8
178,Ofaqim,0,IL,1563938625,71,31.31,34.62,295.37,2.01
179,Kodiak,75,US,1563938625,83,39.95,-94.76,294.82,1.82
180,Santa Marta,90,CO,1563938625,83,11.24,-74.21,301.15,5.88
181,Airai,5,TL,1563938625,38,-8.93,125.41,300.842,1.44
182,Celestun,67,MX,1563938626,80,20.87,-90.4,300.562,7.98
183,Fortuna Foothills,1,US,1563938423,26,32.66,-114.41,312.15,4.1
184,Toora-Khem,96,RU,1563938626,40,52.47,96.11,297.352,0.74
185,Mumbwa,0,ZM,1563938626,56,-14.99,27.06,281.432,1.56
186,Severo-Kurilsk,100,RU,1563938626,93,50.68,156.12,281.222,1.29
187,Kara,100,TG,1563938627,92,9.55,1.2,295.162,1.66
188,Hannibal,1,US,1563938505,68,39.71,-91.36,296.48,3.1
189,Sorland,100,NO,1563938627,97,67.67,12.69,284.722,7.09
190,Isangel,75,VU,1563938627,64,-19.55,169.27,297.15,6.2
191,Coffs Harbour,0,AU,1563938627,30,-30.3,153.13,297.04,4.1
192,Kiama,0,AU,1563938627,31,-34.67,150.86,291.15,2.6
193,Arraial do Cabo,0,BR,1563938628,86,-22.97,-42.02,293.362,7.53
194,Noumea,40,NC,1563938490,43,-22.28,166.46,296.15,6.7
195,Nantucket,75,US,1563938628,93,41.28,-70.1,291.15,2.1
196,Diamantino,0,BR,1563938628,42,-14.4,-56.44,295.752,2.15
197,Tabory,98,PL,1563938629,92,53.89,19.53,290.37,1.33
198,Sao Filipe,100,CV,1563938629,86,14.9,-24.5,296.442,8.05
199,Alofi,62,NU,1563938629,61,-19.06,-169.92,298.15,3.6
200,Deer Lake,90,CA,1563938629,82,49.18,-57.43,288.15,2.6
201,Fort Smith,1,US,1563938357,69,35.39,-94.42,297.15,2.6
202,Whitianga,100,NZ,1563938630,80,-36.83,175.7,288.15,2.24
203,Cidreira,100,BR,1563938630,93,-30.17,-50.22,291.102,3.33
204,Nouadhibou,20,MR,1563938630,88,20.93,-17.03,293.15,6.2
205,Mahebourg,75,MU,1563938630,83,-20.41,57.7,294.15,8.2
206,Douglas,75,US,1563938630,63,58.28,-134.39,293.15,4.1
207,Intipuca,100,SV,1563938631,74,13.2,-88.05,302.062,5.37
208,Beloha,0,MG,1563938631,77,-25.17,45.06,286.012,2.66
209,Necochea,30,AR,1563938631,87,-38.55,-58.74,272.59,0.89
210,Oyem,100,GA,1563938631,99,1.6,11.57,292.302,1.26
211,Meridian,1,US,1563938631,44,43.61,-116.39,301.15,2.1
212,Ilulissat,100,GL,1563938382,57,69.22,-51.1,284.15,1.37
213,Norman Wells,20,CA,1563938632,42,65.28,-126.83,301.15,5.1
214,Maceio,75,BR,1563938419,83,-9.67,-35.74,296.15,0.07
215,Mirzapur,40,IN,1563938632,74,25.15,82.57,303.15,1.5
216,Amberieu-en-Bugey,0,FR,1563938632,47,45.96,5.34,300.15,1.5
217,Te Anau,33,NZ,1563938632,71,-45.41,167.72,281.202,0.26
218,Caloundra,0,AU,1563938633,49,-26.8,153.14,298.71,4.6
219,Shimoda,20,JP,1563938633,74,34.7,138.93,302.15,2.6
220,Chicama,100,PE,1563938633,90,-7.84,-79.15,289.782,7.51
221,Rio Grande,100,BR,1563938633,99,-32.03,-52.1,288.15,0.45
222,Namatanai,100,PG,1563938634,90,-3.66,152.44,298.222,8.54
223,Faanui,100,PF,1563938634,81,-16.48,-151.75,299.692,4.54
224,Warwick,90,US,1563938607,88,41.7,-71.42,292.15,0.99
225,Santa Leopoldina,20,BR,1563938634,100,-20.1,-40.53,292.04,0.5
226,Mayo,75,CA,1563938634,34,63.59,-135.9,299.15,2.1
227,Tiksi,22,RU,1563938634,65,71.64,128.87,279.622,2.6
228,Atoyatempan,90,MX,1563938634,82,18.82,-97.91,288.71,2.1
229,Kaeo,0,NZ,1563938363,83,-35.1,173.78,290.37,1.34
230,Meulaboh,97,ID,1563938635,74,4.14,96.13,300.602,2.78
231,Saint Lawrence,20,MT,1563938635,100,36.06,14.2,297.59,1.5
232,Sisimiut,0,GL,1563938635,90,66.94,-53.67,278.272,7.37
233,Durazno,100,UY,1563938486,78,-33.38,-56.52,281.422,5.77
234,Senta,0,RS,1563938636,80,45.93,20.08,289.332,2.61
235,Broome,100,GB,1563938519,73,52.47,1.45,295.93,4.6
236,Acapulco,75,MX,1563938470,78,16.86,-99.88,300.15,1.21
237,Mayahi,0,NE,1563938636,52,13.95,7.67,302.242,4.97
238,Nanortalik,100,GL,1563938636,97,60.14,-45.24,277.662,1.78
239,Trat,40,TH,1563938637,83,12.25,102.51,303.71,4.1
240,Capinopolis,0,BR,1563938637,58,-18.68,-49.57,293.632,4.1
241,Kloulklubed,75,PW,1563938637,74,7.04,134.26,302.15,3.6
242,Petropavlovka,100,RU,1563938637,73,50.61,105.32,289.552,3.33
243,Shaygino,71,RU,1563938637,82,57.77,46.86,288.102,1.08
244,Soderhamn,1,SE,1563938637,82,61.3,17.06,289.26,1.79
245,Hofn,100,IS,1563938638,95,64.25,-15.21,276.952,6.72
246,Bubaque,100,GW,1563938638,86,11.28,-15.83,299.102,7.37
247,Baruun-Urt,100,MN,1563938638,80,46.68,113.28,290.412,5.04
248,Lata,68,IN,1563938638,73,30.78,78.62,284.492,2.33
249,Orsta,31,NO,1563938639,100,62.2,6.13,289.82,1.5
250,Key West,1,US,1563938353,82,47.93,-96.78,294.26,2.1
251,Hicaque,40,HN,1563938639,83,15.76,-87.34,301.15,2.1
252,Haimen,100,CN,1563938639,58,31.87,121.18,312.04,1.34
253,Adrar,0,DZ,1563938639,14,27.87,-0.29,305.15,4.1
254,Akhtubinsk,2,RU,1563938639,37,48.29,46.17,296.992,3.27
255,Westport,90,US,1563938635,93,41.14,-73.36,293.71,2.1
256,Deleni,8,RO,1563938640,100,46.67,24.28,288.15,0.31
257,Madras,1,US,1563938640,52,44.63,-121.13,296.48,1.5
258,Sola,0,TZ,1563938640,42,-3.17,33.8,288.812,2.01
259,Iqaluit,20,CA,1563938460,86,63.75,-68.52,276.15,2.6
260,Geraldton,40,CA,1563938640,72,49.72,-86.95,292.15,2.1
261,Bloemhof,0,ZA,1563938641,85,-27.65,25.61,276.032,3.97
262,Kenai,90,US,1563938641,82,60.55,-151.26,290.93,6.7
263,Panaba,1,MX,1563938641,81,21.28,-88.27,299.152,2.51
264,Pevek,78,RU,1563938641,91,69.7,170.27,273.752,3.57
265,Lagoa,0,PT,1563938466,94,37.14,-8.45,296.48,1.5
266,Youghal,40,IE,1563938642,93,51.95,-7.85,290.37,4.6
267,Belmonte,0,PT,1563938642,62,40.36,-7.35,294.82,0.4
268,Nogliki,100,RU,1563938642,89,51.8,143.14,283.522,9.56
269,Merauke,41,ID,1563938642,83,-8.49,140.4,298.912,8.27
270,Ewo,100,CG,1563938642,70,-0.88,14.81,296.902,3.4
271,Poum,0,MK,1563938642,77,41.28,20.71,288.15,2.1
272,Alekseyevka,0,RU,1563938643,82,53.25,50.49,289.15,1.0
273,Hovd,75,NO,1563938643,93,63.83,10.7,290.37,2.1
274,Vangaindrano,74,MG,1563938644,92,-23.35,47.6,287.342,1.33
275,Terrace,75,CA,1563938644,49,54.52,-128.61,293.15,10.3
276,Oskarshamn,0,SE,1563938644,100,57.26,16.44,291.48,1.0
277,Aras,0,ES,1563938644,73,42.56,-2.36,294.26,0.5
278,Egvekinot,100,RU,1563938644,92,66.32,-179.17,280.192,0.77
279,Lavrentiya,100,RU,1563938645,94,65.58,-170.99,281.352,2.64
280,Rio Gallegos,0,AR,1563938645,72,-51.62,-69.22,273.15,3.6
281,Salalah,90,OM,1563938418,100,17.01,54.1,298.15,2.1
282,Bosaso,100,SO,1563938403,60,11.28,49.18,304.322,7.49
283,Honningsvag,0,NO,1563938645,64,70.98,25.97,293.15,6.2
284,Puerto Lleras,40,CO,1563938646,54,8.16,-72.46,300.15,6.7
285,Verkhnevilyuysk,0,RU,1563938646,36,63.45,120.31,300.262,1.42
286,Christchurch,17,NZ,1563938458,81,-43.53,172.64,285.15,4.6
287,Hasaki,75,JP,1563938646,78,35.73,140.83,302.59,5.7
288,Aklavik,40,CA,1563938646,53,68.22,-135.01,295.15,7.7
289,Batagay-Alyta,53,RU,1563938647,30,67.8,130.41,295.522,6.15
290,Vammala,0,FI,1563938647,100,61.34,22.91,287.15,1.5
291,Erzin,0,TR,1563938647,69,36.95,36.2,299.26,4.6
292,Saurimo,60,AO,1563938647,34,-9.66,20.4,287.352,2.74
293,Menongue,0,AO,1563938647,40,-14.66,17.68,281.602,1.58
294,Vila Velha,40,BR,1563938647,78,-3.71,-38.6,303.15,1.0
295,Seymchan,39,RU,1563938648,33,62.93,152.39,289.352,1.14
296,Bagdarin,45,RU,1563938648,51,54.44,113.59,292.372,1.63
297,Nalut,0,LY,1563938648,62,31.86,10.98,292.482,2.22
298,Xuanzhou,100,CN,1563938648,63,30.95,118.78,306.622,3.68
299,Great Yarmouth,67,GB,1563938648,73,52.61,1.73,296.48,4.6
300,Chimbote,100,PE,1563938649,89,-9.08,-78.59,290.012,6.71
301,Moyale,65,ET,1563938649,76,3.52,39.05,290.742,3.53
302,Comodoro Rivadavia,0,AR,1563938649,56,-45.87,-67.48,280.15,6.2
303,Aripuana,3,BR,1563938649,64,-9.17,-60.63,295.932,0.03
304,Muros,0,ES,1563938649,100,42.77,-9.06,289.82,4.43
305,Chadiza,0,ZM,1563938649,65,-14.06,32.43,282.742,1.99
306,Sovetskiy,81,RU,1563938650,80,56.76,48.47,288.682,0.83
307,Dubti,100,ET,1563938650,33,11.74,41.09,307.702,3.1
308,Gornopravdinsk,70,RU,1563938650,63,60.06,69.92,292.842,3.37
309,El Tigre,99,VE,1563938650,77,8.89,-64.25,298.042,5.37
310,Amga,0,RU,1563938651,27,60.89,131.98,298.272,1.84
311,Cananeia,0,BR,1563938651,83,-25.01,-47.93,292.412,1.65
312,Port Hedland,88,AU,1563938651,12,-20.31,118.58,301.15,6.7
313,Tuatapere,2,NZ,1563938651,76,-46.13,167.69,284.82,1.34
314,Port-Cartier,90,CA,1563938651,82,50.03,-66.88,289.15,1.5
315,Altea,0,ES,1563938650,47,38.6,-0.05,298.15,1.0
316,Port Elizabeth,90,US,1563938652,94,39.31,-74.98,294.82,3.6
317,Nagapattinam,100,IN,1563938652,77,10.76,79.84,299.452,4.61
318,Sungairaya,99,ID,1563938652,82,0.7,108.9,300.382,7.19
319,Bethel,20,US,1563938652,59,60.79,-161.76,292.15,3.6
320,Talladega,1,US,1563938652,64,33.44,-86.11,297.59,4.15
321,Clyde River,75,CA,1563938653,87,70.47,-68.59,284.15,3.1
322,Holden,20,US,1563938364,93,42.35,-71.86,291.48,2.1
323,Moreira Sales,94,BR,1563938653,67,-24.05,-53.01,293.532,4.36
324,Mayumba,3,GA,1563938653,88,-3.44,10.65,294.412,1.87
325,Presidencia Roque Saenz Pena,100,AR,1563938397,85,-26.79,-60.44,282.222,4.93
326,Vilkaviskis,0,LT,1563938653,96,54.65,23.03,286.052,2.3
327,Beni,62,CD,1563938654,98,0.49,29.47,289.942,0.48
328,Maragogi,12,BR,1563938654,95,-9.01,-35.22,293.952,1.67
329,Provideniya,90,RU,1563938654,81,64.42,-173.23,285.15,4.0
330,San Cristobal,100,HN,1563938654,79,14.68,-86.92,294.302,4.13
331,North Bend,1,US,1563938520,77,43.41,-124.22,291.48,4.6
332,Buala,25,SB,1563938655,75,-8.15,159.59,301.002,7.13
333,Longyearbyen,75,NO,1563938655,87,78.22,15.63,280.15,2.1
334,Kamen-Rybolov,32,RU,1563938655,82,44.75,132.04,298.692,5.68
335,Delijan,2,IR,1563938655,8,33.99,50.69,299.242,1.01
336,Esna,90,RO,1563938655,88,45.2,27.57,294.15,4.1
337,Sungaipenuh,100,ID,1563938656,69,-2.08,101.38,300.922,0.83
338,Chilca,99,PE,1563938656,85,-13.22,-72.34,280.412,2.36
339,San Angelo,1,US,1563938656,44,31.46,-100.44,299.26,2.1
340,Sayyan,41,YE,1563938656,68,15.17,44.32,295.252,0.9
341,Khorixas,0,NA,1563938656,69,-20.37,14.96,282.822,1.79
342,Honiara,40,SB,1563938657,66,-9.43,159.96,303.15,5.1
343,Kovdor,35,RU,1563938657,67,67.56,30.47,292.002,0.67
344,Dhandhuka,100,IN,1563938657,78,22.38,71.98,302.782,6.42
345,Vila Praia de Ancora,75,PT,1563938657,93,41.81,-8.85,291.48,1.5
346,Namibe,13,AO,1563938657,74,-15.19,12.15,291.772,4.23
347,Sredniy Ikorets,100,RU,1563938658,89,51.07,39.76,290.802,1.82
348,Sukumo,92,JP,1563938658,68,32.94,132.72,301.192,3.51
349,Owando,92,CG,1563938658,79,-0.49,15.91,295.652,0.86
350,Grenville,40,CA,1563938659,82,45.62,-74.6,293.15,1.66
351,Chanika,0,MW,1563938659,60,-12.93,34.19,283.712,1.36
352,Yazd,20,IR,1563938659,9,31.89,54.36,301.15,1.0
353,Klaksvik,100,FO,1563938659,100,62.23,-6.59,285.15,6.2
354,Lompoc,20,US,1563938588,87,34.64,-120.46,296.48,3.6
355,Vadso,0,NO,1563938659,72,70.07,29.75,291.15,2.1
356,Tokomaru,99,NZ,1563938660,61,-40.47,175.51,288.71,1.79
357,Porto San Giorgio,0,IT,1563938660,77,43.18,13.79,296.48,1.5
358,San Patricio,95,PY,1563938404,97,-26.98,-56.83,287.822,2.71
359,Luderitz,0,NA,1563938660,93,-26.65,15.16,284.15,1.0
360,Teguldet,6,RU,1563938660,48,57.31,88.17,293.182,2.54
361,Russell,1,US,1563938660,49,38.9,-98.86,295.93,4.1
362,Skjervoy,100,NO,1563938661,98,70.03,20.97,284.732,3.02
363,Saint Anthony,20,US,1563938466,34,43.97,-111.68,299.15,4.1
364,Shyroke,100,UA,1563938661,71,47.96,38.23,293.342,4.81
365,Tarko-Sale,70,RU,1563938661,75,64.92,77.78,289.26,8.28
366,Sistranda,75,NO,1563938661,100,63.73,8.83,292.04,4.1
367,Kahului,20,US,1563938661,48,20.89,-156.47,304.15,7.7
368,Along,100,IN,1563938662,98,28.17,94.8,290.552,1.01
369,Martapura,10,ID,1563938662,58,-3.41,114.85,302.352,3.61
370,Namyslow,0,PL,1563938662,93,51.08,17.72,288.71,0.5
371,Bud,0,NO,1563938662,93,62.91,6.91,289.15,3.1
372,Aguimes,20,ES,1563938662,77,27.91,-15.45,294.15,13.9
373,Goderich,17,CA,1563938513,89,43.74,-81.71,290.93,4.36
374,Rawson,0,AR,1563938663,60,-43.3,-65.11,277.352,2.06
375,Huarmey,60,PE,1563938663,87,-10.07,-78.15,289.972,8.62
376,Palu,80,ID,1563938663,66,-0.9,119.87,301.522,2.06
377,Porto Walter,4,BR,1563938664,90,-8.27,-72.74,295.482,0.96
378,Mizdah,0,LY,1563938664,63,31.45,12.98,291.502,2.87
379,Moose Factory,75,CA,1563938664,82,51.26,-80.61,286.15,2.6
380,Karlovac,0,HR,1563938664,93,45.49,15.55,295.93,0.5
381,Taoudenni,10,ML,1563938421,23,22.68,-3.98,307.462,2.75
382,Mega,36,ET,1563938664,74,4.06,38.32,291.352,8.5
383,Narsaq,75,GL,1563938664,76,60.91,-46.05,282.15,3.6
384,Henties Bay,0,NA,1563938665,92,-22.12,14.28,283.15,0.45
385,Saint-Francois,0,FR,1563938665,77,46.42,3.91,293.15,0.5
386,Padang,100,ID,1563938665,83,-0.92,100.36,300.172,9.23
387,Pak Phanang,20,TH,1563938665,66,8.35,100.2,305.15,1.0
388,Leningradskiy,100,RU,1563938666,77,69.38,178.42,277.892,6.93
389,Sehore,20,IN,1563938666,74,23.2,77.08,302.15,4.1
390,Bocana de Paiwas,99,NI,1563938666,98,12.79,-85.12,293.612,1.31
391,Bom Jesus,40,BR,1563938666,83,-5.99,-35.58,297.15,2.6
392,Misratah,0,LY,1563938666,75,32.38,15.09,298.992,3.02
393,Tehachapi,1,US,1563938667,36,35.13,-118.45,310.15,3.6
394,Saskylakh,84,RU,1563938667,44,71.97,114.09,286.222,4.02
395,Sangar,0,RU,1563938667,30,63.92,127.47,299.412,1.9
396,Gizo,0,IL,1563938667,64,31.8,34.94,296.15,3.1
397,Nouakchott,0,MR,1563938667,74,18.08,-15.98,300.15,4.6
398,Sobolevo,67,RU,1563938526,96,54.43,31.9,287.152,3.38
399,Muroto,75,JP,1563938667,74,33.37,134.14,301.15,1.5
400,Lorengau,97,PG,1563938380,77,-2.02,147.27,301.312,5.46
401,Slave Lake,75,CA,1563938668,83,55.28,-114.77,295.15,2.6
402,Singaparna,84,ID,1563938668,69,-7.35,108.11,297.442,2.4
403,Cajamarca,83,PE,1563938668,84,-7.16,-78.52,284.882,1.93
404,Vesele,100,UA,1563938669,78,47.02,34.92,292.142,3.67
405,Makakilo City,1,US,1563938669,58,21.35,-158.09,304.15,6.2
406,Tawau,75,MY,1563938669,78,4.26,117.89,300.15,1.5
407,Solnechnyy,100,RU,1563938392,98,50.72,136.64,282.282,3.56
408,Tshikapa,18,CD,1563938669,31,-6.42,20.79,291.062,1.06
409,Caravelas,26,BR,1563938669,84,-17.73,-39.27,295.732,3.47
410,Luwuk,100,ID,1563938670,74,-0.95,122.79,293.552,2.18
411,Eucaliptus,61,BO,1563938670,81,-17.6,-67.51,277.722,4.95
412,Sandpoint,1,US,1563938624,41,48.28,-116.55,305.15,1.5
413,Santa Isabel do Rio Negro,89,BR,1563938670,92,-0.41,-65.02,295.782,0.93
414,Merrill,1,US,1563938670,33,42.03,-121.6,297.15,7.7
415,Palmer,75,AU,1563938671,87,-34.85,139.16,288.71,6.7
416,Mbanza-Ngungu,13,CD,1563938671,83,-5.25,14.87,292.672,1.3
417,Seryshevo,100,RU,1563938671,97,51.09,128.38,286.752,2.18
418,Banjar,92,ID,1563938671,76,-7.37,108.54,297.792,1.76
419,Cabo San Lucas,40,MX,1563938650,78,22.89,-109.91,303.71,8.7
420,San Jose,1,HN,1563938672,61,14.25,-87.96,299.15,3.1
421,Wukari,100,NG,1563938672,94,7.87,9.78,295.792,2.53
422,Pastavy,0,BY,1563938672,95,55.11,26.84,286.232,2.93
423,San Clemente,40,US,1563938647,83,33.43,-117.61,302.59,2.1
424,Escanaba,1,US,1563938672,82,45.75,-87.06,291.15,1.54
425,Mwinilunga,64,ZM,1563938440,50,-11.73,24.43,282.612,2.32
426,Gamba,1,CN,1563938673,23,28.28,88.52,285.292,5.9
427,Darhan,100,MN,1563938673,98,49.49,105.92,287.482,1.49
428,Meadow Lake,0,CA,1563938673,73,54.13,-108.44,296.442,1.06
429,Djibo,100,BF,1563938673,68,14.1,-1.63,300.412,4.95
430,Marawi,75,PH,1563938674,75,8.0,124.29,302.04,2.68
431,Doka,97,SD,1563938674,82,13.52,35.76,297.122,4.42
432,Cockburn Town,2,TC,1563938674,79,21.46,-71.14,302.082,8.22
433,San Carlos de Bariloche,0,AR,1563938674,92,-41.13,-71.31,264.15,2.6
434,Neosho,1,US,1563938674,88,43.31,-88.52,293.15,1.5
435,Okato,0,NZ,1563938675,79,-39.19,173.88,285.212,4.55
436,Guayaramerin,7,BO,1563938675,63,-10.82,-65.36,296.972,1.08
437,Bharatpur,75,IN,1563938675,100,27.22,77.5,305.15,2.1
438,Muisne,88,EC,1563938676,83,0.61,-80.02,296.342,7.11
439,Davidson,0,CA,1563938676,74,51.26,-105.98,296.48,4.73
440,Yueyang,0,CN,1563938676,66,29.36,113.12,305.802,5.08
441,Haines Junction,100,CA,1563938676,54,60.75,-137.51,288.892,3.67
442,Aloleng,100,PH,1563938676,73,16.13,119.78,302.132,3.25
443,Jiexiu,0,CN,1563938676,28,37.02,111.92,305.172,1.84
444,Altay,71,CN,1563938677,59,47.83,88.13,287.712,2.97
445,Pacific Grove,1,US,1563938677,67,36.62,-121.92,299.26,4.1
446,Ndjole,100,GA,1563938677,88,-0.18,10.76,295.862,1.65
447,Guozhen,0,CN,1563938677,66,29.3,113.14,305.802,5.08
448,Husavik,70,CA,1563938677,62,50.56,-96.99,294.26,2.26
449,Ryotsu,47,JP,1563938677,74,38.08,138.43,302.15,2.6
450,Monrovia,75,LR,1563938678,94,6.33,-10.8,298.15,4.64
451,Oban,99,GB,1563938678,86,56.42,-5.47,292.04,1.62
452,Batsfjord,0,NO,1563938678,72,70.63,29.72,291.15,2.1
453,Marrakesh,0,MA,1563938657,73,31.63,-7.99,296.15,2.6
454,Weiser,40,US,1563938678,39,44.25,-116.97,301.48,4.1
455,Kassala,10,SD,1563938679,68,15.45,36.38,299.892,7.25
456,Oistins,75,BB,1563938416,88,13.07,-59.53,299.15,8.7
457,Bonavista,100,CA,1563938679,79,48.65,-53.11,284.26,4.92
458,Grootfontein,0,NA,1563938679,28,-19.56,18.1,281.15,2.6
459,Abapo,100,BO,1563938679,49,-18.83,-63.47,286.412,2.73
460,Moroni,0,GR,1563938679,64,35.09,24.92,299.82,6.7
461,Vista Hermosa,40,MX,1563938680,88,14.92,-92.27,300.15,1.35
462,Abnub,0,EG,1563938680,57,27.27,31.15,298.15,2.1
463,Barcelona,20,ES,1563938195,73,41.38,2.18,299.26,1.5
464,Lucapa,76,AO,1563938680,35,-8.42,20.74,288.732,1.82
465,Mayenne,0,FR,1563938680,88,48.3,-0.62,294.15,1.5
466,Harindanga,40,IN,1563938680,79,22.04,88.32,304.15,4.1
467,Itoman,75,JP,1563938681,70,26.12,127.67,305.15,4.6
468,Ilhabela,0,BR,1563938681,71,-23.78,-45.36,295.282,3.59
469,San Quintin,100,PH,1563938681,80,17.54,120.52,301.002,0.54
470,Fernie,75,CA,1563938681,44,49.5,-115.06,299.15,6.2
471,Jamame,52,SO,1563938681,78,0.07,42.75,296.882,4.35
472,Saint-Augustin,40,CA,1563938431,82,45.63,-73.98,293.15,2.01
473,Qaqortoq,75,GL,1563938682,76,60.72,-46.03,282.15,3.6
474,The Valley,40,AI,1563938682,74,18.22,-63.06,301.48,3.6
475,Evensk,50,RU,1563938682,41,61.92,159.24,287.402,0.75
476,Atasu,0,KZ,1563938682,47,48.68,71.64,295.122,4.74
477,Ixtapa,90,MX,1563938682,100,20.71,-105.21,298.71,3.1
478,Baiquan,81,CN,1563938683,84,47.61,126.08,297.262,5.38
479,Codrington,0,AU,1563938683,25,-28.95,153.24,297.15,5.7
480,Eregli,0,TR,1563938683,69,37.51,34.05,289.532,0.87
481,Giyon,82,ET,1563938683,96,8.53,37.98,286.592,0.93
482,Bolshoye Nagatkino,93,RU,1563938683,87,54.52,47.97,289.15,1.0
483,Zavetnoye,98,RU,1563938684,53,47.12,43.89,296.262,2.32
484,Mount Isa,1,AU,1563938684,19,-20.73,139.49,299.15,6.7
485,Port-Gentil,100,GA,1563938430,86,-0.72,8.78,297.322,6.71
486,Kuryk,45,KZ,1563938684,30,43.18,51.68,304.002,6.83
487,Nan,75,TH,1563938685,100,18.78,100.78,299.15,2.1
488,Tandalti,16,SD,1563938685,68,13.01,31.87,299.912,5.27
489,Nikki,100,BJ,1563938685,93,9.94,3.21,294.682,3.24
490,Walvis Bay,0,NA,1563938685,87,-22.95,14.51,287.15,2.1
491,Fairbanks,40,US,1563938613,30,64.84,-147.72,302.15,2.1
492,Jeremie,7,HT,1563938686,72,18.65,-74.12,300.692,1.76
493,Linhares,9,BR,1563938686,96,-19.38,-40.06,291.292,0.47
494,Sibolga,13,ID,1563938686,75,1.74,98.78,300.382,2.29
495,Nortelandia,0,BR,1563938686,48,-14.45,-56.8,294.952,1.32
496,Ribeira Grande,100,PT,1563938686,92,38.52,-28.7,296.122,10.12
497,Mamallapuram,75,IN,1563938686,79,12.63,80.17,302.15,3.1
498,Gondanglegi,85,ID,1563938687,55,-7.75,112.01,300.952,5.24
499,Raudeberg,6,NO,1563938687,100,61.99,5.14,289.82,2.6
500,Tipitapa,20,NI,1563938424,69,12.2,-86.1,301.15,5.1
501,Spring,1,US,1563938430,61,30.08,-95.42,301.48,1.5
502,Constitucion,75,MX,1563938687,49,23.99,-104.67,293.15,6.2
503,Cachoeira do Sul,100,BR,1563938687,99,-30.05,-52.89,291.512,1.37
504,Lloydminster,20,CA,1563938573,74,53.28,-110.01,299.15,3.6
505,Tocopilla,100,CL,1563938688,77,-22.09,-70.2,286.542,4.86
506,Belaya Gora,100,RU,1563938688,81,68.54,146.19,285.212,5.88
507,Grandview,75,US,1563938688,60,38.89,-94.53,295.37,1.8
508,Amapa,20,HN,1563938470,78,15.09,-87.97,301.15,5.1
509,Champasak,75,LA,1563938689,88,14.89,105.88,298.15,3.1
510,Abeche,100,TD,1563938689,64,13.83,20.83,300.712,3.4
511,Chernyshevskiy,97,RU,1563938689,40,63.01,112.47,297.352,3.97
512,Mecca,81,SA,1563938689,37,21.43,39.83,300.272,3.37
513,Manjeri,75,IN,1563938661,94,11.12,76.12,297.15,2.1
514,Imbituba,0,BR,1563938690,93,-28.24,-48.67,292.15,0.96
515,Mlimba,0,TZ,1563938690,80,-8.78,35.81,283.302,2.44
516,Terenos,0,BR,1563938690,56,-20.44,-54.87,294.15,3.6
517,Fortuna,20,US,1563938443,87,40.6,-124.16,289.82,5.1
518,Ola,0,RU,1563938690,61,59.58,151.3,283.332,5.12
519,Aguada de Pasajeros,61,CU,1563938691,94,22.38,-80.85,298.15,4.6
520,Nizhniye Vyazovyye,20,RU,1563938691,72,55.8,48.52,290.15,2.0
521,Vanimo,100,PG,1563938691,68,-2.67,141.3,301.782,2.75
522,Gusau,2,NG,1563938691,84,12.17,6.66,296.202,3.35
523,Rapid Valley,1,US,1563938691,94,44.06,-103.15,297.04,2.6
524,Kirakira,96,SB,1563938692,73,-10.46,161.92,299.562,7.45
525,Santa,100,PH,1563938692,80,17.49,120.43,300.952,2.36
526,Jalu,0,LY,1563938692,57,29.03,21.55,295.992,4.49
527,San Juan,0,AR,1563938401,66,-31.54,-68.53,272.082,0.96
528,Ust-Maya,0,RU,1563938692,37,60.42,134.54,298.442,2.15
529,Erenhot,97,CN,1563938693,34,43.65,111.97,300.322,5.58
530,Talnakh,75,RU,1563938693,82,69.49,88.39,286.15,10.0
531,Nara,20,JP,1563938693,62,34.68,135.8,307.04,3.6
532,Louth,90,GB,1563938693,93,53.37,0.0,294.26,2.1
533,Trinidad,65,BO,1563938694,72,-14.83,-64.9,297.002,1.98
534,Teknaf,100,BD,1563938694,87,20.86,92.31,300.242,5.98
535,Shenjiamen,95,CN,1563938694,81,29.96,122.3,302.052,4.03
536,Hue,75,VN,1563938694,44,16.47,107.58,308.15,2.1
537,Hohhot,0,CN,1563938694,54,40.81,111.65,299.15,2.0
538,Cabedelo,40,BR,1563938695,100,-6.97,-34.84,296.15,4.1
539,Buin,0,CL,1563938695,86,-33.73,-70.74,276.15,1.64
540,Ati,43,TD,1563938695,68,13.21,18.34,301.082,3.89
541,Sur,42,OM,1563938695,71,22.57,59.53,300.572,5.47
542,Bo Rai,40,TH,1563938695,83,12.57,102.54,303.71,4.1
543,Krasnyy Chikoy,84,RU,1563938696,88,50.36,108.75,287.462,2.07
544,Virginia Beach,90,US,1563938514,94,36.85,-75.98,295.37,3.6
545,Trelew,0,AR,1563938696,60,-43.25,-65.31,277.352,2.06
546,Asyut,0,EG,1563938696,57,27.18,31.19,298.15,2.1
547,Homer,90,US,1563938696,82,59.64,-151.54,290.93,2.1
548,Los Llanos de Aridane,0,ES,1563938499,73,28.66,-17.92,294.15,5.1
549,Asmar,6,AF,1563938696,69,35.03,71.36,295.232,1.28
550,Bilibino,100,RU,1563938697,85,68.06,166.44,274.562,3.55
551,Tumanyan,63,AM,1563938697,94,40.99,44.66,288.972,0.3
552,San Benito,100,CO,1563938697,93,6.13,-73.51,290.892,1.92
553,Grants,1,US,1563938606,56,35.15,-107.85,294.15,3.1
554,Kawalu,84,ID,1563938697,69,-7.38,108.21,297.442,2.4
555,Sari,75,IR,1563938440,88,36.57,53.06,300.15,2.1
556,Natal,40,BR,1563938698,83,-5.81,-35.21,297.15,2.6
